"","c..i.just.looked.up.pictures.of.trypophobia.fear.of.holes.and.i.think.i.have.it.now.great.another.fear.to.add.to.my.list.emetaphopia.germaphobia.homophobia.trypophobia..."
"1","i just looked up pictures of trypophobia fear of holes and i think i have it now great another fear to add to my list emetaphopia germaphobia homophobia trypophobia"
"2","i have the fear of love sleep and the sun sun poisoning is a bitch and i keep having nightmares every night since my birth day on nov"
"3","the hole phobia people couldnt eat arrow bar"
"4","well then i have that one no mom dont take meh phone tt"
"5","all my little brother eats is mac n cheese i think he has that new things one"
"6","my dad has a beard no wonder im so scared of him"
"7","i have the fear of having things underneath my skin especially bugs but the thought of anything under my skin makes me want to gag i can bear it for flu shots and blood tests but if i get a new sting i feel like throwing up because its in my skin ugh"
"8","i have the fear of having things underneath my skin especially bugs but the thought of anything under my skin makes me want to gag i can bear it for flu shots and blood tests but if i get a new sting i feel like throwing up because its in my skin ugh"
"9","i have a phobia of wateroceansea creatures"
"10","im terrified of mirrors"
"11","phobophobiafear of phobias no comment"
"12","i got nomophobia"
"13","i have the fear of holes im afraid bugs are going to crawl out of them for some reasons"
"14","i feel bad for any young boy who has the phobia of new things because once they hit pubertythey might kill themselves"
"15","this feels deja vu"
"16","just realized that you have a nice voice dude"
"17","god damn it"
"18","look at the poop look at us by santoros elbow"
"19","anatidaephobia the fear that a duck is always somewhere watching you"
"20","insert a vagina joke about phobia in this comment"
"21","omg your soo sexy kisses"
"22","i love asap science"
"23","hahaha benchwarmers"
"24","im with you matthew getting out of bed sucks also i hate getting out of the house cuz i love the internet internet will you marry me"
"25","is it just me that has the fear of fear i dont like going downstairs because i may get scared"
"26","i have philiphobia i think thats how you spell it"
"27","i mean nomaphaphobia auto correct"
"28","my sister has nobaphopia"
"29","i havent owned a phone since let alone a mobile phone i might have the opposite of nomophobia"
"30","you already did a video on this"
"31","you overestimate reddit"
"32","matt what software do you use for your videos"
"33","i have trypophobia i didnt hear you say it and i looked up and saw holes and threw up thanks bruh"
"34","the word trypophobia popped up and i literally threw my phone face down on the bed i am one of the people with the fear and just thinking of it made flip out and have a mini break down its bad i would never wish that phobia upon anyone and i hate having it but it just ugh scares me to this extent i didnt know existed and yeah"
"35","well no derp men were children"
"36","what phobia do you guys have and pleese tell why"
"37","i have tripophobia i saw that pictures and i lost my shit"
"38","good my fears are not on this im scared of mascots and clowns"
"39","ender pony wait for nimber all non pegisi are scared of that"
"40","i have ailurophobia and really dont like getting near or in an area with a cat or cats"
"41","i have the fear of holes"
"42","lol the little poop in the background"
"43","whats the phobia for bridges"
"44","didnt you do this already do this matt ps do videos with tobuscus plaese"
"45","illumiphobia fear of the illuminati"
"46","he did this before"
"47","i think i have nomophobia"
"48","my friend has trypophobia i notice her scratch her hand a lot randomly and although it is terrible of me to do i often look for the unusual holes i do try to distract her from it though i for one have ophidiophobia nyctophobia and just a lot of fears seriously the amount is unreal"
"49","any one else have the fear of love its just my past bf was a total nut we are starting a youtube channel but i feel like hes trying to get to me ub"
"50","i have trypophobia"
"51","i have a phobia about watching youtube videos oh dammit"
"52","my fears have become phobias ill give approximately zero us dollars to anybody whom understands this reference"
"53","anatidaephobia is the uncontrollable fear of being watched by a duck"
"54","i have a fear of unknown phone calls everytime my phone rings and i am not expecting any call i become anxious"
"55","my fear is of people judging me its not like if i think someone is judging me i shit my pants and scream but its more like if i think someone is judging me i feel afraid to talk to them or their freinds and ultimately i cut off all communication with them eg social network freinds in common and phone number"
"56","h"
"57","so neophobia turns people into virg ins"
"58","illuminati many of his thumbnails involves he holding a small illuminati sign in his hands"
"59","evolutionary trait natural trait not exactly true and then you say spiders are gods mistake hmmwell god made spiders and everything else on this planet"
"60","and belly buttons"
"61","i hereby propose a new phobia frigiliquiphobiathe fear of your ice cream melting"
"62","im afraid of small dogs dragonflys butterflys small spaces and heights"
"63","the duck watching fear dont know what its called"
"64","i think i had hypnophobia my uncle just comitted suicide and i always saw him in my dream"
"65","my wife has a terrible case of balloon phobia not sure what its called lol but she runs from kids with balloons"
"66","i have nomophobia cri"
"67","theres not a monster in my closet but there is an evil monkey family guy reference"
"68","i have ecophobia"
"69","i have hypnophobia"
"70","i have a cousin who is afraid of baths but taking showers for him is perfectly fine"
"71","i have a different type of ecophobia did i spell that right whenever i am alone the house in dark i freak out"
"72","th comment"
"73","you forgot about automatiphobia which an ass load of people have like the fnaf group its pathetic"
"74","im scared of fish i am serious"
"75","clippyphobia fear of clippy clippy would you like help if you have this yes no"
"76","dont read this if you have neophobia ooh iphone windows xbox one ooh"
"77","i have hypnophobia but my hypnophobia isnt very bad so i can sleep for a couple hours"
"78","apparently i have chorophobia the fear of dancing"
"79","i had an extreme fear of beards when i was little"
"80","hey why did you insult spiders"
"81","i have altocelarophobia fear of high ceilings every time i walk into a building that is really tall and has high ceilings i get this fear that im going to be sucked up to the top and dropped to my inevitable death"
"82","im has phobia of lilapsophobia dx tornado watch today"
"83","i think iv got help meeee no jk help"
"84","now i know i have trypophobia because a stupid photoshopped post that said repost or youll get this in twenty seconds thats full of bs i wish i can punch the punk who posted it"
"85","im tripaphobea"
"86","i scared to sleep"
"87","people have pogonophobia"
"88","i have technophobia"
"89","i know this has nothing to do with phobias but my sister used to be allergic to the sun"
"90","is it just me or did someone watch the intro in repeat a few times"
"91","i have tripaphobia"
"92","i think ive got nomophobia really"
"93","i have clostrophobia"
"94","i have trypophobiayou really fucked me up when you show those pictures"
"95","i have photophobia the fear of the sun because i do not have much pigment in my eyes"
"96","dude youre eyes look really girly its creepy"
"97","matt can you make more amazing facts videos"
"98","that girl on the right around scares the shit out of me"
"99","i have tripophobia"
"100","poop"
"101","and yes clowns r really scary"
"102","the beard is on fleek today lol"
"103","i have nomophobia as well bye guys i need to charge my phone"
"104","im scared of clowns so is that called clownaphobia"
"105","five nights at freddys ecophobia i had that for a while"
"106","sorry for spam i just have random thoughts i might be afraid of everything"
"107","i heard of nomophobia on mix"
"108","my social studies teacher has no hair at all he has no eyebrows no eyelashes no hair on his head and he was born that way i feel bad for him"
"109","pause at any moment you get a meme worthy face"
"110","ill admit it im afraid of the light and the dark"
"111","while watching this i couldnt stop starring at his eyebrows every time he explains something his eyebrows go up causing his forehead to have those lines then they go down and his forehead is smoother than a babys ass so hypnotizing"
"112","i cant get over that perfectly executed high note dayumm"
"113","i know the end music is an actual song but i cannot for the life of me remember what it is and shazam doesnt work anybody know what the song is"
"114","sleep is the best thing in the world"
"115","does anyone know the outro music"
"116","xd number is sad"
"117","where did you get those emoji pillows"
"118","out of these phobias i have major trypophobia minor hypnophobia and minor ecophobia i keep thinking there is someone in my attic because i hear noises at night from there"
"119","the pic is illuminati confirmed"
"120","almost everybody in high school has nomophobia probably only my school"
"121","trypophobia for me is just disgust"
"122","generally cultures rather than religion is responsible for arranged marriage for example christians who practice arranged marriage do so out of the belief that a parent knows what is better for the childs welfare than the child himself or herself does"
"123","i get goosebumps from holes"
"124","im trypophobia"
"125","i have a phobia of holes no not buttholes"
"126","didnt he already make a video about phobias"
"127","my battery is noooooooooo"
"128","i dont know if this is a phobia but like i absolutely hate cockaroches thats really bad because my school has a lot of them and when i see them i feel like im gonna have a anxiety attack when someone even talks about them i will like do this werid little movement like hunching my back repetively for almost minutes if i see one anywhere near me i will not go in that area for like weeks bc im literaly that freaked out by them"
"129","jihadist are coming foya but not with guns or swords"
"130","umm is fnafphobia a thing"
"131","is there one for hospitals because my sister is very terrified of hospitals and she has anxiety"
"132","when he mentioned fear of the sunbi automatically thought of benchwarmers the movie the guy who eats sunscreen"
"133","i was sent here by asapscience but now this dude is telling me to go back to the video i just came from and the video will tell me to come back here and this video will tell me to go back to asapscience again and will i be here forever"
"134","i bet ill get sun cancer by the age of i live in fl and my mom loves the beach i sometimes forget to wear sunscreen and my skin is not made for the sun i have never been tan because of my skin"
"135","i didnt watch the whole video so you mean oh my god im sleeping deep almost everytime"
"136","at the sight of holes thats what he said"
"137","i dont exactly scared of holes but holes kinda gross me out"
"138","there is a theory that based on how irrational phobias are they are caused by the way you died in a past life"
"139","i have thalassophobia"
"140","you should have added triskedekaphobiafear of the number thirteen"
"141","im pretty glad to say my grandfather does not have neophobia hes recently bought himself a computer just after his th birthday"
"142","spiders are just weird nothing should have eight legs"
"143","im kinda afraid of holes cause think of them as inside of you and then you can see your guts also the holes in"
"144","i may have a phobia of that face from the sleep one"
"145","when the video reached the part about heliophobia did anyone else think of that one guy who ate sunscreen in the benchwarmers"
"146","komorowski ogolil sie na twarzy zeby nie straszyc"
"147","y u use the same music fo evry vid man"
"148","havent you done one of these phobia vids before"
"149","so people imagine a perfect modern human slave now anything that doesnt make him a perfect slave is attributed to disorders mental sickness phobias or some other shit yes good good modern religion called science makes you bow to nonsense enjoy being perfect slaves"
"150","i sort of have nomophobia because when my mum took my phone i was raging and punched a hole through my door this other time a friend took my phone and i punched himub"
"151","my mate at school had a highly irrational fear of the toilet and if there were not suitable toilets on a school trip he would hold it in until we came back imagine how i found out s by the way he was my best friend and we shared many things together including my fear of small spaces spiders and snakes not to mention we hung out for over fifteen years"
"152","is ocd a phobia"
"153","i had a fear about not wanting too take a shower ugh it wasnt good"
"154","my sister has fobia of slug and lices or what ever"
"155","pause at"
"156","hhmmmmm"
"157","i have neophobia lol wow omg"
"158","there is sticker phobia my cuz has it"
"159","where the fuck does matthew santoro get all these emoji pillows there awesome and id love to get some of the as soon as possible"
"160","i fear of buttons with shirts i also fear of geans why do i fear of this i also fear of ties omg i feel so weird my dad looked it up on the internet and he said other people have the same thing"
"161","this guy surely loves to show his teeth at every given moment"
"162","i want to super subcribeu"
"163","your teeth are really white im jealous"
"164","i developed heliophobia after playing mario bros and that wicked sun attacked out of no where"
"165","pretty sure that the nightmare on elm street didnt help people with taking baths"
"166","i would think hypnophobia would cause imsomnia"
"167","i think i have panphobia at random times i just get a feeling something bad is about to happen one time during school i had to go to the bathroom call my mom and make sure she was ok because i thought she got hurt do i need help"
"168","i imagine myself having unusual holes growing on my skin with variety of insects coming out from it"
"169","fantastic fear of everything oh how i can relate to that movie xd"
"170","it sucks having hypnophobia its am and i usually stay up a lot later too"
"171","i have a phobia that ill run out of drugs"
"172","lol i had number on this list when i was three up to five"
"173","matthew i subscribed to you at k subs"
"174","i have phlieafoba"
"175","papaphobia fear of the pope"
"176","spiders arent gods mistake their satans army ubyes i suffer from arachnophobia"
"177","panphobia also known as a lovecraftian state of mind"
"178","ugh come on matt i am trypophobic and you show pictures bruh ew its nastyyyy"
"179","i have megalophobia i am terrified of large buildings and objects xd"
"180","i used to have hypnophobia it started when i was pretty small due to frequent nightmares as the nightmares became less frequent the specifics of my hypnophobia changed into a fear of loosing control when asleep and also i was very afraid i would just never wake up these days ive mostly conquered the phobia though it does pop up again maybe two three times a year and much milder than when i was younger these days the hypnophobia will show up two or three times a month and sticks around for two days to a week tops"
"181","like if you came here because asap science recommended this video"
"182","anthrophobia fear of not being special"
"183","like if your scared of the sun"
"184","im afraid of heightsspiderssnakesfrogsknivesand jumpscarei cried when i had to go to the rd floor"
"185","or maybe you have pantophobia do you think you have pantophobia whats pantophobia the fear of everything thats it"
"186","i have a fear of people subing to me"
"187","i got tyepophoia"
"188","i was watching something called dream i quicly muted the tv at a point and started the video and it was like this we gotta getmutedstarts video cancer lmao laughing my ass off"
"189","okay im sorry but i have tryphobia and its a very common phobia and you really should have put a warning on the video about which phobias you would be talking about because i started hyperventilating and it really made me extremely uneasy watching the rest"
"190","imagine if somebody with trypophobia went to bigsur california on the sand dollar beach man they would freak out from the holes that the crabs and bugs dig trust me ive been there"
"191","i fear holes"
"192","neophobia genwunners"
"193","i dont have a phobie about a large amounts of hole with patterns but i do get scared not scared but i chill of fear over them it strange"
"194","i have a fear of touching wooden spoons or popsticks does anyone know what its named i seriously touched a wooden spoon while drying dishes this morning and i held it for a second then threw it back into the sink if i have to hold popsticks at school my voice starts to shutter and i just die so much"
"195","because their afraid of holes can they look at a womens vagina then"
"196","what is the word of fear of being alone"
"197","my younger sister is afraid of balls i mean like when a ball is thrown at her like who has a fear of balls"
"198","ecophobia checks beside me"
"199","i have a fear of people that talk about phobias my heart start beating faster"
"200","i hate change"
"201","ayyyy new outro music"
"202","matt what was the one with the holes because i have that and i hate it"
"203","i have phobia for upright pictures"
"204","i have a phobia of living ahhhh"
"205","the sleep one would suck i fear nightmares"
"206","i have a fear of publicly telling people my fea oops"
"207","i hate change but if we did not have change we would not have butterflies"
"208","i have trypophobiaits horribled"
"209","hippopotamonstrasaquipadiliphobia is the fear of long words"
"210","i have trypophobia kinda"
"211","fear of cotton balls phobia sidonglobophobia"
"212","i have to a terrible phobia of bugs and insects also bats i freak and it is just terrible i actually dont have a phobia of snakes but i halso have the worst fear of going in water like ocean and lakes also i get scared not phobia of cruise ships"
"213","im spooked solid"
"214","i have traumatophobia but only for myself when a certain amount of skin gets severed off my blood pressure drops i get nauseous and faint and i see black spots last time i got a cut i couldnt change the bandaid for hours because it would mean seeing it and it was only a small disk of skin on the tip of my finger like mm deep and mm wide i dont get that reaction with very superficial cuts though but not even with bruises or severe internal wounds once i had an organ that twisted in my abdomen and almost killed me and i was not that scared and once i broke a tendon in my foot and it hurt but i was not losing consciousness its really just a fear of external cuts or rips even small"
"215","the dress"
"216","i have a phobia cant remember the name but its when you have a free of being sick"
"217","are we gonna talk about the phobia of that creepy ass pillow in the backround"
"218","why are we shouting"
"219","hello my name is grace and i have nornaphiba tttt"
"220","i have trypaphobia"
"221","i started screaming when u talked about trypophobia i have it and the images started freaking me out"
"222","my grandma defiantly has neophobia and alzheimers but thats a different story"
"223","in the back round that poop emoji is just staring through my soul"
"224","hi"
"225","dont give then herseys bubbles"
"226","matthew seems to watch all the people i do"
"227","i have nutellaphobiaselfexplanatory"
"228","i have tryphobia"
"229","robert selfie"
"230","i might have neohobia i hate trying new food please dont hate no complating yescomplating complaininghating"
"231","i think i have heliophobia"
"232","wow awesome video matt"
"233","i think i might have heliophobia remember the sun from smb"
"234","my friend has the fear of holes whatever its called"
"235","heh"
"236","like your emoji pillows"
"237","woop woop its the sound of da police"
"238","im afraid of a slice of a purple onion no im serious i cant look at one without almost vomiting"
"239","damn this comment is fancy"
"240","when he said panphobia i was like how the f can you be afraid of pans"
"241","i have tripiphobia i hate holes they make me itchy"
"242","spoiler alert the title of the asap science vidio is a question you just gave us the answer"
"243","i am afraid of one way streets trucks and vaccumes yes the cleaning object"
"244","you just had to put trypophobia didnt you"
"245","i think i have the phone one"
"246","i have trypophobiaits terrible oo"
"247","i have atelophobia what do you have"
"248","howie from the benchwarmers had heliophobia now that i think about it"
"249","didnt he already do this video"
"250","hey if u want nitemares and never be able to sleep again check out this channel im not hating"
"251","holy crap i have the hole fear that explains why looking at my cast a few years ago disturbed me"
"252","he says fear is an evolutionary triat so by using common sense that means we didnt always have it so how are alive"
"253","people have crazy fears"
"254","i dont get how anyone could have those fears"
"255","stampylonghead has more subs thanu"
"256","roses are red that part is true violets are violet not fcking blue"
"257","ahhhhhhhhhh"
"258","food neophobia i have that"
"259","i have tripophobia omfg im out of herreee"
"260","i definitely have i cant go anywhere without my phone and i definitely cant let it die"
"261","i used to have the sleep phobia because whenever i closed my eyes i couldnt control my thoughts and would picture terrifying images they scared me half to death so i would stay up all night afraid of closing my own eyes until i just used my imagination and took care of them"
"262","i have the same emoji pillow"
"263","i think i have the holes fear anyone else"
"264","fuck you had to go to tiny hole phobia which is not weird its common and goddammit its not weird and im yelling at you in this comment so i dont have to see the tiny holes fuuuuuuuck breathe pills"
"265","im number five to"
"266","im a baby"
"267","im scared of the dark"
"268","buttcheeks"
"269","i have a fear of elbowsi hate them"
"270","you forgot hippomonstrosesequipedaliophobia fear of long words"
"271","i have the fear of nothing why is nothing happening"
"272","love ur emoji pillows"
"273","i live in scotland so what is this sun thing"
"274","i have astraphobio the fear of thunderstorms or anything rainthemed besides snow no watching cool lightning storms for me shivers goddammit thunderstorms"
"275","hahahaha matt wtf"
"276","how about phobia of unicorns eh no ok"
"277","if someone has ablutophobia does that mean they are afraid of pools too"
"278","i might have trypophobia tho"
"279","wheres phobophobia"
"280","i have trypophobia"
"281","i felt weak and strange like i was going to pass out when the holes came on they scare me i hate them i dont know if i have trypophobia or not but i feel uncomfortable and sometimes sick when i see things like them uac"
"282","you did this before"
"283","chuck norris saw number seven and was disappointed so he gave every one dreams were everyone has a beard"
"284","search tryophobia youre welcome sweet dreams"
"285","does anyone remember when this dude used to cuss like fucking crazy hahahaha"
"286","i have a phobia of butterflies"
"287","i love this channel"
"288","my grandma has that she was brought up as a catholic in the s and still hates gays today"
"289","i have panphobia"
"290","this is your second phobia video dont do the same as buzzfeedhow"
"291","oh god i have trypophobia"
"292","i cant stop looking at your eyes"
"293","hpyonphobia hypnos lullaby case closed"
"294","i mite hav of thows"
"295","of the krods has that frum the krods"
"296","panphobia sounds like paranoia"
"297","you frgot wed fobyu"
"298","im scared of holes and satellite images am i the only one"
"299","i can understand the water part because i have a fear of drowning but i dont understand the cleaning part if your heart has been broken before you could be hurt horribly and be afraid of falling in love again i understand that i feel as if there is someone watching me all the time whether it be in the dark corner of my room or through my window is also not bad you could have met someone who is blind from the sun and you could just be afriad it will affect you something bad couldve happened in the house before you lived in it or while living in it you could also be afriad that someone is watching you yes i am always watching where i walk because im afraid to break my ankle im also scared of beehives dont ask someone with a beard couldve done something bad to you when you were younger nah i have no clue people hate change geez kids these days i cant explain this one either"
"300","the emoji pillows in the background"
"301","what about the hippopotomonstrosesquipedaliophobia the fear for long words"
"302","im scared of my own fantasy of horror i imagine too much because if i dont i would feel lonely why is that so"
"303","stopin the name of looove"
"304","for poeple afriad of lighti bet theyll like the first episode of my little pony"
"305","i have phonophobia"
"306","for my brother have that"
"307","i probabaly think i have hypnophobia i cant even sleep i have to have my eyes for like an hour just so i can sleep"
"308","you mean this"
"309","i have entomophobia the fear of bugs so i know the phrase it wont hurt you wont help but believe me if you have any of these fears i understand"
"310","tumbz up if u hat dihz vidio"
"311","i have trypophobia"
"312","im kinda scared of holes dx not like i pass out it just makes me gag dx when ever i see them i get disgusted and i just want to kill it dx is it a phobia or noi dont think so"
"313","i have the fear of holes"
"314","im i the only one pe afraid of my house"
"315","beiberphobia xd"
"316","how come he can grow a beard but he cant grow hair on his head"
"317","i have the irrational fear of stop motion animation not sure what the name of the phobia is its not all stop motion just the ones with greyish backgrounds who try to more realistic than wallace and grommit if you want an example look up cinema stranges dead eyes open music videos"
"318","i hate clowns and am afraid of them they are the worst creatures in the world ubuabuauauuu"
"319","what if you have no abnormal fears or barely any fears what is that called"
"320","you should have put phobiaphobia the fear of having a phobia"
"321","always great to know there is someone out there that is a tad bit weirder than i am"
"322","i have fear of doing homework"
"323","okay this should cover me for the next years thumbs up if youre watching in"
"324","i have something were when i see patterns on the ground sticking up my instinct is to step on it and get it away whats that phobia"
"325","i thought trypaphobia was a common not sirous thing and my friends and i auctally have it"
"326","i have enetophobia the fear of needles noooooooooooooooooooooooooooooooooool"
"327","subscribe me ill back sub to you"
"328","i had to cover the screen when he started talking about holes i wanted to throw up"
"329","what about the worst phobia for men fear of beautiful women"
"330","im pretty sure i have trypophobia i feel sick looking at hole patterns after a while"
"331","i have a dog phobia i have a fear of dogs and snakes i dont get it why people walk with scary lionmonsters the creepy thing with dog is they may be cute looking but they act creepy they make sounds and can bite you they have attacked many people to death its a reason why police have dogs to attack and bite bandits i dont get it why dog is so popular their a cuter and more prettier version of snakes"
"332","i feel so sorry if a person with the fear of beatds were to run into duck dynasty or harry potterlotr for that matter xd beards beards everywhere xd"
"333","im afraid of four things losing someone i love insects bears and whales"
"334","so you might think i am crazy but there is a waierd fear it is emojiiconna yes i does exist it is ther fear and hatte if certan emojis yes it is true"
"335","mypenisissodangerousphobia"
"336","as an ablutophilohypnohelioecotrypopogononeonomopanphobic who is also a hippopotomonstrosesquipedaliophobic i find this video to have way too scary content to be available to be seen in youtube and as such it must be removed"
"337","the most wellknown song in america happy birthday to you is copyrighted by warner bros which make almost million off of it a year due to film producers etc using it in there films you could owe the next time you sing it at a birthday party"
"338","mmmmmmcheese"
"339","i have trypophobia the speakers of my headphones freak me out"
"340","hey matt you forgot the one where u r scared of the color yellow d lol"
"341","strange sleeping disorderssuggestion"
"342","like this if youre cool ignore for ebola"
"343","yes i got the th view"
"344","i have nomophobia sure"
"345","i think i have panphobia and i am afraid of black people"
"346","surely it is natural to be scared of weird ass holes in places they shouldnt be like fucking decayingerugh"
"347","emojiphobia the fear of emojis"
"348","this guy is so goodi have my support for him i like and share his videosbut i dont do for other youtubers this guy is so special"
"349","i have trypophobia hate it even thinking about it makes me feel sick and itchy"
"350","i dont hate love love hates me"
"351","i have foodneophobia hope i spelled that right"
"352","vampires came from someone who knew a cannibalistic heliophobic"
"353","dood i just found out that i have ecophobia"
"354","i have hypnophobia im incredibly afraid of going to sleep because of how long my dreams make it feel like i feel like i would never wake up again because my dreams can feel like a few hours to a few years i once had a dream where i was sitting on an island for years when only hours had passed it scares me to death hopefully not literally"
"355","i have neophobia im d nooooo"
"356","t praise the sun fuck those uv rays though"
"357","phobiaphobia is the fear of fear"
"358","i have trypophobia but rather than being scared of the things listed i get the feeling of my skin crawling its not a good feeling"
"359","subscrribe me pleasse"
"360","i know where they got the sun phobia mario im looking at you"
"361","i feel squeamish when i see those holes egh"
"362","my dick is hard"
"363","shivering why did there have to be pictures for typo phobia euuugghghhhhhhhhhhh shivering ewwwwww"
"364","i have a light form of ecophobia"
"365","that reminds me i never use my phone"
"366","do a video solely about britain"
"367","i was having the sleep phobia i toke vitamins to sleep"
"368","i can only describe my phobia roughly as acrovistaphobia or fear of skylights i cant bear looking up seeing one over my head will it fall will a flying object or person crash thru it land on my head they make me feel so vulnerable i cant enter a room or climb up to the top floor of a building if i even suspect one is ensconced in the ceiling waiting for me to walk under it thats the feeling i get that the goddamed misplaced window up there is justwaiting for me"
"369","you forgot scopophobia its an anxiety disorder and a social phobia scopophobia is fear of being seen one who has this may experience shortness of breath rapid heartbeat muscle tension etc it usually stems from something that happened to you as a child like being teased although it is stupid it is real i have it once i did not leave my home for three weeks"
"370","i noticed that i have hypnophobia but im trying to gain more sleep and to get over it i have something similar to the first one i shower regularly and im a clean tidy girl but i cant sit in the shower for too long because i feel like the ceiling or the bath of the apartment above us will fall on me i actually have it anywhere i sit i fear that something falls on me mom told me that its because when i was a kid i was in the restroom and as i was opening the door the secondary ceiling crashed on me oo"
"371","whenever you pause this video you will see a memeworthy face"
"372","mine is digital spiders get a spider im scared get a digital spider i start to spazz p and i feel like its gonna crawl out and bite me"
"373","i have hypnophobia"
"374","i like spiders"
"375","they gave me chills and i dont have a terrible accident with holes manthey gave me chills and i will start scratching myself"
"376","i hate tripofobia"
"377","is there a phobia where your scared of getting a phobia if so how the heck does that work"
"378","i have mlg phobia xdd"
"379","i have sedatephobia which is the fear of silence it makes exams extremely difficult and it also makes sitting in libraries lik hell which is a shame because i love literature"
"380","i have a question you know the fear of holes does that mean that the people that have got is afraid of buttholes"
"381","i knew there would be trypophobia why did i watch"
"382","wow i wow"
"383","hemophobia the fear of blood"
"384","i didnt know that i had a phobia i have always hated the look of beehives and stuff with little holes in it it makes me feel all nauseous just thinking about it"
"385","heights spiders small spaces seem normal anything else is nuts"
"386","hypnophobic anyone else"
"387","what about homophobia the fear of people who like people of the same gender"
"388","fear of sleep is a hell oo"
"389","what about haptodysphoria fear of velvet substances mainly peaches and arachibutyrophobia fear of peanut butter ya people freaking out over peaches"
"390","are you wearing eye makeup"
"391","i used to be terrified of the barber shop the thought of getting a haircut would make me start to shake now that i think of it i probably had the worlds largest afro because i would go a year without cutting my hair"
"392","i actually minimized the screen and just listened because i was afraid he would mention trypophobia and show pictures did he show pictures"
"393","hypnophobia like hypno from pokemon"
"394","i have mlg phobia xdd"
"395","oh no i have pelletophobia not really get me away from him hes so scary died of a heart attack"
"396","i have hatiphobia its the fear of hate comments"
"397","i have bellybuttonphobia i call it i hate the look of belly buttons i hate the thought and of course the fucking feel it feels like its gonna open up and fucking my insides are just gonna spew out i cant explain it the hole phobia thing is understandable i seen this diseas of a foot that looks like it had holes like that and i immeditetly thought of that looking at the beehive makes me sick"
"398","i have trypophobia"
"399","i have major trypophobia"
"400","lol i think i have philophobia xd"
"401","this video made me anxious is there a phobia of videos about phobias"
"402","im pretty sure the people with that beard dissorder must not like duck dynasty"
"403","the first few seconds were so spooky i cried"
"404","im sooooo afraid of fear and fear is afraid of me were afraid together"
"405","trypophobia anyone else or is that me"
"406","what if you have a vestiphobia fear of clothing and gymnophobia fear of naked"
"407","what if you have a vestiphobia fear of clothing and gymnophobia fear of naked"
"408","i go to bed at cant sleep sleep at"
"409","the at made me suddendly itch realy baddly"
"410","trypophobiai have that oe"
"411","i have koumpounophobia the fear of buttons i have no idea why"
"412","i felt sick looking at the holes oo i manipulate myself mentaly accidentally"
"413","oh god i think i have trypophobia the holes one i seriously used to avoid eating crumpets because they made me feel sick please tell me im not alone"
"414","i have a phobia of mirrors im just afraid that if i look at one there might be something or someone behind me or once i look away there will be something creepy"
"415","i have darudephobia fear of anything related darudesandstorm ub"
"416","i have trypophobia idk why its just this weird tingling feeling like i can see things and ehhh hard to explain"
"417","gays and the transgendered beings should watch this to show them that homophobia and transphobia do not exist no one fears themthey just find them disgusting or crazy"
"418","its black blue not white and gold"
"419","whyd ya have to put trypophobia i already know that i have it and all you accomplished was to scare the crap out of me aaaahhhhhhhh"
"420","i have a fear of breaking anything"
"421","my sister has that"
"422","struggle is real amen to thatp"
"423","i have trypophobia i mostly am affected by it with leaves"
"424","u have beautiful eyelashes"
"425","phobophobia the fear of fears"
"426","i have the fear of holes although its only a lot of small holes next to eachother kinda like that honeycomb atc"
"427","presidents not wearing long beards is strictly military"
"428","i have a terrible fear of getting likes in my comments"
"429","i have a really bad fear of being in the deep part of water huge amount of open space desert and ice skatesiceskating rinks"
"430","noh i hate those holesd"
"431","there was a person in saskatoon that was terrified of toasters not even kidding"
"432","how many emoji pillows do you have"
"433","i have a fear of falling asleep but its not severe"
"434","what about the irrational fear of being smelly x ive got this i take like showers a day"
"435","i dont know what it is called but how about the fear of slipping and dieing and being found dead and naked"
"436","i need to get a light for when i record lol"
"437","i need to stop watching his videos at night"
"438","what about panphobia do you have panphobia whats panphobia the fear of everything thats it"
"439","anatidaephobia is defined as a pervasive irrational fear that one is being watched by a duck no matter what"
"440","i have phagophobia fear of swallowing"
"441","if you are looking to recruit call of duty snipers look at my montages d there old school style dd cod up xd"
"442","you basically already made things s video it is weird phobias"
"443","i think i may have heliophobia well"
"444","i got trypophobia and i get goose bumps intensly and crazy"
"445","my peppermint bark is ready who wants some"
"446","whered you get the plush poop emoji in the backround"
"447","even the mention of lotus seed heads makes me wanna cry and or actually cry"
"448","wait so does it have to be holes more than one or just hole only one"
"449","im all trypophobia for those who are also afraid dont search it up on google images i think my mom has nomophobia shes totally into her phone"
"450","i have tripaphobia"
"451","matt this is awesome we watched this video in science i was happy lol"
"452","thaasophobiathe fear of boredom i suffer from this but it does help me be more productive"
"453","i have trypophobia and this scared me to death"
"454","plz sub just started off"
"455","lemons"
"456","damn you matthew i have trypophobia and i flipped my shit when i saw that bee hive"
"457","i have pogonophobia but im not scared of every beard im just scared of specific facial hair like goateessuper hairy mustachesthat tiny circle of hair under lipsmen with hairy beards that dont have mustaches"
"458","wait i hate change oo i never knew it was a phobia"
"459","i have trypophobia"
"460","lol that intro also no spiders arent gods mistake wasps are"
"461","like if at you saw the sleeping person blink"
"462","NA"
"463","yeahi have rly bad trypophobia"
"464","why isnt the fear of loosing the internet recognized yet its real and its heeeereee"
"465","i have trypophobiad"
"466","trypophobia scariest phobia"
"467","i have trypophobia"
"468","subscribe to me or i will kill all of the kittens in this basket dont worry i dont uplode videos so no crap will fill up your subscritions"
"469","like for nomophobia"
"470","did anyone else see the poop emoji in the bottom left corner lol"
"471","lol dont fear beards i just dont like them"
"472","didnt realize the th one was a real phobia but after experiencing what my group has done in confirmation and knowing the facts i am just really starting to doubt the new generation"
"473","great video matthew keep it upd"
"474","am i the only one who has the phobia of needles because every time i get a shot i almost pass out and yell"
"475","my dad has a beard so if i had this fear then i would be in a comma an what about the movie holes"
"476","i have trypophopia to i do not like holes like that"
"477","ive had a fear of sleep before because i suffered from sleep paralyzes with the most terrifying nightmareshallucinations then you think youve woken up only to experience something terrifying again and wake up again and again and again until at some point you just dont know whats real anymore and if youre awake or not"
"478","i kind of have pogonophobia but it just feels strange touching beards"
"479","anoyine who has tryophobia does not play golf"
"480","i am curious about holes"
"481","helia phibia is nit that good i feel if touching the sun but never will do it"
"482","i have trypophobia it sucks ass"
"483","i dont have hynophobia and seeping i get alot"
"484","but soon when i grow up i wont have philophobia"
"485","some times i might have a fright of love but i get over it when im very gorwon up"
"486","i have trypophobia"
"487","i have ablutaphobia showers only for me thanks"
"488","fear of the sun anyone played super mario bros"
"489","yes the beard is on fleek today"
"490","im scared of looking up knowing that it just goes on forever creeps me out i dont like it"
"491","i have arachnophobia acrophobia and phobophobia"
"492","i have trypophobia it makes me shiver when i see holes or even circles seeesh"
"493","id like to see one day you saying ive collected that im never gonna show you hah and thats it seconds video about this"
"494","like if you puked when you saw the beehive i know i did"
"495","the only phobia i have is arachnophobia fear of spiders because spiders are freaking creepy if i see one ill be like meh but ill still panic a little bit if a spider was on me or crawling up my arm or something like that i would kind of freak out i would either just stare with a look of panic something i do when im scared its normal or swat it away as fast as possible now nightmares about spiders thats another story i freak out if i have a nightmare about evil spiders once i had some nightmare about a boy who went on a little adventure with his grandfather it was basically just like ib but with little spiders everywhere at the end they were in their beds saying goodnight then the boys dad came in as a giant spider with human legs i dunno but i think they were black and hairy like spiders are and he went to the boys bed the boy couldnt see that his dad was a spider because the light was off and it was dark the dad just said good night before he killed the boy and ate him thats why spiders are so scary to me oh and also my mom has a bad case of chiroptophobia fear of bats she hates bats"
"496","i think i have the fear of holes because sometime they make me shiver"
"497","i have a fear of youtubers who continuously shout at the camera and edit out all breaks between sentences so it sounds like they never stop screaming long enough to even take a breath"
"498","yep i have nomophobia i will literally go mental and start yelling when i get my phone gets taken away or i drop it or if it dies or if someone needs to borrow it i even had a panic attack and nearly fainted because of it once"
"499","i have tripophobia i couldnt watch that honeycomb man"
"500","i think i either have heliophobia or i just hate the sun so much that whenever i am exposed to sunlight i just run into the shadeinside a building"
"501","i actually have a fear of mayonnaise"
"502","i have the fear of my grandfather having another heart attack and my granpa going to the hospital again"
"503","i have a fear of everyone turning against me"
"504","i have neophobia"
"505","if someone has a fear of everything do they have a fear of nothing because nothing is a thing"
"506","i get goosebumps when i see holes"
"507","why do you like a doll"
"508","i actually do have trypophobia eehhhh that picture"
"509","i actually think i have ecophobia however i ended up weaponizing the fear and insanity that is my imagination now instead of hiding in my blanket i grab a knife or a gun and start sweeping around my house all military style d robbers welcome"
"510","i have trypophobia and srsly freaked put when i saw it on this vid"
"511","i am pretty sure sam winchester has number"
"512","pause at xd and look at matthews face"
"513","i have ecophobia i mean i check all the places with my big metal ruler when i am home from school how can nomophobia be a phobia i mean if i miss my moms calls in a row i am in big trouble"
"514","hexakosioihexekontahexaphobia fear of the number"
"515","i have the fear of holes especially the fear of holes in your skin eww"
"516","i have monophobia the fear of being alone"
"517","what if our fears is how we died in our previous life for example the first phobia maybe the guy drowned in his bath in the previous life"
"518","luv your emoji cushions in the back ground"
"519","i have a fear of breathing"
"520","im scared of insects like every insect including butterflies"
"521","i have so bad"
"522","yeap its official i have nomophobia"
"523","im glad i havent any of those but still there was a time i become really anxious of using elevators and that was because it was the sensation i felt when fainting im over it"
"524","i actually used to suffer from hypnophobia but thankfully college is forcing me to get over it"
"525","panphobia it doesnt mean youre afraid of pans but that your afraid of everything which i suppose would include pans"
"526","how can you be scared of beards when jesus christ had a besrd"
"527","i i i i i have the hole hole hole phhhobbbiaaaaaa i died"
"528","from i laughed so hard that i woke up my mom xd lmao"
"529","i think you have a problem with pillows"
"530","my favorite phobia is anatidaephobia its the fear that one is being constantly watched by a duckd"
"531","lol the snugle is real"
"532","what about anatidaephobia fear that somewhere somehow a duck is always watchin you thats just scary"
"533","i have trypophobia"
"534","vv"
"535","fears"
"536","expected trypophobia saw trypophobia and a honey comb nearly vomited"
"537","some of them may be bizarre but surely strangest phobia of all must be if you are phobophobic a fear of fear come on and it is actually a real phobia"
"538","i think i have i keep hearing the floor cracking in the other room when im home alone and thats why i have a bat in my room"
"539","i have ablutophobia because of great white sharks"
"540","my cousin have neophobia and she have never eat any fruit besides pear her entire life so theres that"
"541","i thought you were going to mention the phobia of a duck watching you"
"542","matthew santoro i love your videos you know how u said its so snuggly in the morning and its hard to get up i have my laptop next to me and watch your videos before i get up you tell us facts but in a fun way you the best"
"543","like if watching on th feb"
"544","i have a weird fear oo i watch anime and i am pretty new i watched a couple of fairy tail and stuff but the show i watch the most is bleachi am on episode and the series ends at something i cant rememberim afraid if i finish the series i wont find a better anime oo but i just keep denying it its slowly going away xd do i need therapy oo"
"545","penisphobia"
"546","trypophobia right here"
"547","what about velumiphobia fear of umbralles everyone who watched the anime another has this fear"
"548","im scared of clowns"
"549","i have trypophobia i am sure of it"
"550","i have both hypnophobia and insomnia im scared to go to sleep half the time and the other half i cant sleep at all its not so bad though"
"551","i dont fear of love but i hate love"
"552","thanks to google images for giving me actual trypophoboa now i cant look at a beehive or large groups of holes without my skin feeling weird"
"553","anatidaephobia the fear that somewhere a duck is secretly watching you"
"554","trypophobia the fear of vaginas"
"555","so i wonder about fear of holes would that include potholes"
"556","theres all of these people saying they have tryophobia no you dont you dont like holes or they make you feel wierd your not fucking dodgin them left and right or pass out when you see one do you feel extremely sick or pass out when you pick up a sharpener no i didnt think so"
"557","alanas as basing ds information motherfuckr"
"558","mcdonalds is disgusting grabs popcorn and scrolls through hate comments"
"559","i was expecting hipopotamonstrosusquipialidiphobia"
"560","some of neophobia can also be symptoms of autismaspergers syndrome where new things are tough for an individual with one of those diagnoses"
"561","i have an irrational fear of really old man made things like antiques etc i have no idea why but i get panicked and feel like im going to pass out whenever im around really old objects"
"562","does anybody remember his first phobia video weird phobias anybody no"
"563","hasent he already done a video on this topic"
"564","pewdiepie has trypophobia"
"565","you forgot the much ironic phobia of hippopotomonstrosesquippedaliophobia the fear of long words"
"566","i used to be afraid of sleep because of recurring nightmares i used to have i couldnt sleep more than an hour or two if that i also used to be afraid of chickens to the point that i couldnt go anywhere near one without panicking"
"567","i have trypophobia im also not afraid of arachnids but i really hate large crustaceans"
"568","i think fear of beards is the reasoning that men should have clean shaves like little boys"
"569","omg i have trypophopia and bee hives dont creep me out its mostly the lotus seed pods that do"
"570","i think panphobia is also known as phobophobia actually phobophobia is the fear of phobias glad i dont have that"
"571","panphobia reminds me of the episode of american dad when the family is scared to death of going outside"
"572","damn matt you scary"
"573","cant watch a single matt santoro video without seeing people argue over religion"
"574","matt to me you are one of the best you tubers ever lol"
"575","whats the outro song"
"576","this is why i love watching matthewd"
"577","i think ive got"
"578","i have trypophobia i almost threw up at the sight of the pics you showed its wierd i dont get it either"
"579","i have generalized anxiety disorder and panphobia doesnt sound too far off feck"
"580","spiders are not gods mistake they are demon spawn"
"581","what about phobaphobia the fear of having a phobia"
"582","everyone in this world has some type of phobia no ones perfect if you have a phobia its normal so dont worry about it"
"583","nah man we all know queen elizabeth married the tenth doctor"
"584","fuck man please make your pictures less scary that fear of sleep picture i almost pissed myself fear of pop ups"
"585","ever since i searched trypophobia ive been very disturbed"
"586","what if im nervous about losing my phone because i know if i dont find it my mom will kill me"
"587","my biggest fear is heights"
"588","i literally have heliophobia i have to wear jackets and hoodies in the summer to keep the sun light off of meyeah it can get pretty hot sometimes"
"589","fuck you i have trypophobia my sister mother and i have it its terrifying"
"590","spiders gods mistake what would you rather have stan the man go with fly man or mosquito man"
"591","just some more phobias aibohphobia fear of palindromes phobophobia the fear of phobias omphalophobia fear of belly buttons lachanophobia fear of vegetables chinophobia fear of chinese chinese culture etc anglophobia fear of england english culture etc hippopotomonstrosesquipedaliophobia the fear of long words"
"592","i have the fear of watching vid crap"
"593","i shit you not atleast of my class has that lack of a phone phobia teacher takes away a phone and shit goes down what is it with phones i dont get it"
"594","im allergic to alliteration atchoo"
"595","so many self diagnostics here or maybe theyre all doctors oo"
"596","bitchaphobia the fear to hanging out with bitches"
"597","gary from spongebob has the first one"
"598","i think my friend has nophonephobia or whatever i hid her phone and she went into a seizure"
"599","spiders are just weird nothing should have eight legs"
"600","stop in the name of love before you break my heart love that song i annoy my mom with that song"
"601","i have"
"602","meanwhile im here going through all comments while i still have homeworkd"
"603","NA"
"604","mattthew is cool"
"605","i like to take baths but soe times i froget tipo"
"606","im not trying to offend anyone but is there a phobia for being scared of certain people"
"607","mathew nailed it stop in the name of love"
"608","i think i have trypophobiao"
"609","i have echophobia its not as bad as other people tho you have to go to a therapist if is that bad"
"610","so warm and cuddly that i wrapped myself in the blankts and told my bf i was the blanket monster this morning"
"611","i am afraid of small asian children"
"612","i think i have nomophobia xd"
"613","imagine fivnafrovia the fear of five nights at freddys"
"614","do a video of animals that saved peoples lives"
"615","im with frozendream clowns are fucking horrific"
"616","haphephobia the fear of being touched"
"617","this video was a step towards normality for a panophobic"
"618","is there one for albinos i never had a phobia but i was scared of albinos till to yrs when i was really small or young"
"619","lol heres my version philophobia the fear of phil lester amazingphil"
"620","just blew my mind"
"621","i dont really like trying new foods all that much"
"622","how come i was not scared of holes in the tryphobia part but i am scared of everything else with a pattern of holes"
"623","goddamnit i have the first phobia"
"624","i kinda have the hole phobia but i just want to scratch it"
"625","scared of the sun blame super mario bros"
"626","to be honest i dont care about my phone ive forgotten it left it let it die etc i only have it because its something to do in my meantime and of course call people i do have a fear of change though simply breaking from my routine makes me go crazy"
"627","i think i have slight trypophobia because im always afraid that some kind of small insect or spider will crawl out of a hole and bitesting me and poison me so trypophobia caused by extreme arachnophobia"
"628","queen elizabeth i feared getting married because if she did that meant there would be a new king therefore she would no longer be in charge and not only that it would mean that there would be a new line of royalty which was iffy and the people would be very skeptical of this new king"
"629","there is also a phobia where you always think a duck is watching you"
"630","guess what today i just got over the fear of public speaking yes"
"631","i didnt watch video about tryphophobia just listened to it and even that made me a bit anxious i found out about its existence maybe a month ago ive had it all my life it and used to avoid some pictures i find on internet but i thought that was just me now in these few days i know about it i found out many people have it i have few minor phobias and my way of fighting them is to experience them more i experience them less fear i get from them like fear of heights but this trypophobia just disturbs me no way of fighting it if i even look at one picture for more than seconds i get so disturbed that i think my head will explode honestly pain almost gets physical no way of fighting it and almost every day i see at least one picture that triggers it"
"632","i have ecophobia"
"633","call me crazy but did matthew just sing stop girl by ukiss at but just left out one word"
"634","even holes in waffles"
"635","keep unpasusing and pausing the video at the very begging to see him jump at you in a funny way"
"636","i have that change phobia though it was most noticable when i was a kid this is due to the fact that i have autism which makes breaking away from routine not only difficult but almost impossible"
"637","i have a fear of pictures of people i rarely keep photos of loved ones out they creep me out i know its an unrealistic fear"
"638","my friend has a legit phobia of marshmallows no joke like hes actually scared of them"
"639","i have the fear of piles of shit staring at me oh hey i noticed that that turd behind you is staring at me"
"640","so nomophobia is basically almost every ten and preteen in america notice i said almost"
"641","any one else have a fear of dead spiders no just me"
"642","phobophobia the phobia of phobias inception horn plays"
"643","im terrified of anything under the sea not so much fish but whales and dolphins and massive squids ughhshshshshs"
"644","what about triskaidekaphobia the fear of the number if you have that that is just sad"
"645","what about being afraid of your own shadow"
"646","fantastic fear of everything is an amazing movied"
"647","i think ive got panaphobia"
"648","i have trypophobia i knew it was going to be here ever since i saw one video of ouhbro i have hates holes"
"649","bleh i have trypophobia"
"650","nah she did marry the tenth doctor"
"651","why is everyone afraid of love loove aah"
"652","i have globophobia a fear of balloons if i even see a balloon or start thinking about them i will start to breathe fast get extremely anxious and start to have a panic attack i know its not normal but i live with it"
"653","interesting"
"654","philophobia thanks religion ruins shit once again"
"655","NA"
"656","that is the most classy mustache ever"
"657","like if you have a fear of being molested by gremlins"
"658","wow just wow"
"659","hes such a goofball i love watching these videos"
"660","man the developers of cod must have neophobia"
"661","what the hell"
"662","so that means people can be scared of beardman the completionist i miss greg crys"
"663","i have eco phobia no joke"
"664","i have a phobia of paper cups"
"665","i have ecophobia"
"666","i love you matt when my friends ask me whos my boyfriend i tell them matthew santoro hihi"
"667","the weird guy from the benchwarmers movie"
"668","whens your newest vine"
"669","i never go outside because i have a fear that some creepers havent despawned yet i actually do have fears i have to keep my blanket folded under my feet so nothing can crawl in from the foot of my bed this partially comes from the fact that the majority of humans have a fear of the unknown because i dont know what could be at the foot of my bed"
"670","im afraid of the dark i mean i like to punch stuff yeah nailedit"
"671","i have trypophobia but im not grossed out easily as other are"
"672","like if your watching"
"673","if you fear the fear of everything do you fear of fearing everything"
"674","ithyphallophobia  fear of erect penis for real its a thing"
"675","asapscience is the one who sent me here to this video"
"676","oh god now i cant sleep"
"677","what if you have a vestiphobia fear of clothing and gymnophobia fear of naked darkest part of your life maybe"
"678","what is the outro music"
"679","the poo is looking at me"
"680","quick rant typophopobia sorry for mentioning videos are dumb spicifically the thumbnails i mean now i know why people are scared fucking seriously people photo shopping holes onto peoples eyes and body parts seriously freackin terrifying"
"681","i have hypnophobia i barely sleep like hour a night but last night i didnt sleep"
"682","fear of fear"
"683","neophobia also know as republicanism"
"684","some old gimp ran up in a phone booth and pulled down his pants his ass was smelly and balls stank he rubbed his ass and ball all in the phone booth nasty motherfunker"
"685","i fear my bedroom door that some one opening itd"
"686","thanks matthew for making me through my ipad across my bed i have trypophobia man i feel sick now"
"687","i can imagine someone with neophobia suing mat for making a new video"
"688","on the second photo u shone how come that guy has baggy and dirty clothes when hes got really nice teeth"
"689","you forgot the most bizzare one imo the anatidaephobia"
"690","stop in the name of love before you break my heart stop in the name of lol be before you break my heart lo lo la lol i love that song by the supremes with diana ross i wasnt even born and i still love it it came out in the s right"
"691","i have hypnophobia"
"692","that poop doll in the bottom left corner is scarring me"
"693","i honestly think i might have a minor case of that hole pjobia those pictures weirded me out big time"
"694","i kinda have nomophobia with my iphone"
"695","i actually have a strange fear and theres a good reason i have catoptrophobia fear of mirrors i want everyone to look straight into a mirror and look around without moving your head now do it while using your peripheral vision to look at your eyes they just keep fuckin starin at ya"
"696","im scared of needles the dentist and heights"
"697","i can relate to a lot of these but not to the extent of a phobia"
"698","hey matthew what about phobophobia the fear of phobias that is proper meta so do these people fear the phobia that is phobophobia also and how does that work you are afraid of being afraid of things to be afraid of let me just pick my brain matter of the wall"
"699","im afraid of alliteration oh fuck"
"700","doctor so youre afraid of backstories when did this all start patient well it all started wheaaaaaaaaaaaaahhhhhhhhh"
"701","you just lost your man card"
"702","i have a fear of fears ua"
"703","i literally skipped half this video because of the trypophia part some people dont understand"
"704","neophobiathe religious with science"
"705","i am afraid of knives"
"706","lol i might have neophobia xd when i was transitioning schools from junior high to high school the last two weeks of summer i couldnt sleep with the stress probably had hours a night though and my head hurt so much that i felt like vomiting most of the time and yet every sunday night i get stressed about the next morning and it happens again mehehe i always feel like ive lost something in my life when things change"
"707","im scared of my reflection"
"708","i have the sleeping one andd yer it sucks but arfter some time i got over it but i still get it a little"
"709","what can i say the outernet is scary"
"710","anything about arachnophobia in this video i havent watched it yet i know it isnt a weird phobia but pictures of spiders creep me out as well as spiders in real life"
"711","i only have heliophobia on super mario"
"712","is this better than accounting"
"713","what about your entire bodypores"
"714","NA"
"715","xd then you wouldnt want my ipod it is so old it runs out of battery as soon as you take it off its charger so you have to just stand there with the chargerp"
"716","this one was funny i just loved it"
"717","i have repeated nightmares and i know a way to keep them away sleep with the lights on"
"718","i have hypnophobia yeaa im odd"
"719","whats up with the poop emoji in the background xd"
"720","whats the music at the end"
"721","i think i have that last phobia"
"722","hilarious intro"
"723","is tumblrphobia real yet"
"724","panphobia fear of pansage"
"725","my favorite phobia is hippopotomonstrosesquipedaliophobia the fear of long words screw you creater of that name"
"726","i love the humor in this the struggle is real xd"
"727","pooh is behide ud"
"728","fear of obama obamaphobia"
"729","whats strange is i hate spiders but my favorite comic hero is spiderman"
"730","panphobia sounds like hell id probably go fucking insane if i was afraid of everything also i wouldt be able to look at puppies and be happy"
"731","im terrified of elevators"
"732","wanna know my fearbonnieoh wait"
"733","my house creeps me out like someone is watching me"
"734","i have neophibia i dont like to break away from routine"
"735","the fear of bath fans"
"736","emetophobia fear of vomit and or vomiting this is a real bitch to have because nausea causes sever anxiety"
"737","omg your emoji pillows"
"738","i have a phobia of being alone"
"739","pan phobia sounds like extreme paranoia"
"740","whats the name of the song he uses in all of his top videos"
"741","anatidaephobia is defined as a pervasive irrational fear that one is being watched by a duck i really hope this one isnt real because if so xd"
"742","thought you already made one"
"743","u"
"744","why is there a poop in the back"
"745","spiders have feelings toojk fuck that shit"
"746","dear matthew please place a trigger warning ahead of the video with a list of the phobias that you are gonna talk about along with a warning for disturbing images i almost had the urge to puke great video but please put a trigger warning thanks matt"
"747","whats the song u use"
"748","sometimes i forget my phone in my car i have a lot of missed calls from my mom when i remember to go get it"
"749","you forgot odontophobia the fear of teeth and phobatrivaphobia the fear of trivia about phobias"
"750","i have a fear of hearing justin bieber"
"751","feel like a dork for asking this but i dont care what is the name of the song he uses for the end of this video i dig it"
"752","i have echo phobia"
"753","how is a beard bad for politics lincolns beard helped him win the election"
"754","heliophobia reminded me of how scared i was when the angry sun first moved on super mario bros xd"
"755","i have subphobia it means im scared of getting subs"
"756","im laughing my booty off your soo funny"
"757","u already did dis"
"758","i have it really sucks all small holes are creepy please never show those photos again unless you want me to freak out and die please dont grace"
"759","i have trypophobia i almost passed out my friend had to fast forward it for me"
"760","im so sad that pogonophobia isnt the fear of pogo"
"761","NA"
"762","i have a fear of youtuoh shhhiitt fuck non no mom its oh god mom dear god its fucking utube ooohhshit mmmoooooooooom"
"763","i have a fear of loosing a internet connection"
"764","or elizabeth i could have been asexual"
"765","i might have this"
"766","omgosh i cries when i saw the holes my trypophobia is getting worse ahhhhhh"
"767","hey you got a nice face dont change it"
"768","i have had the number for years and only recently learned that its actually a phobia and yes its linked to a past experience search for surinam toad and see what i am talking about"
"769","dont look for images of tripophobia just dont"
"770","barophobiad"
"771","how about gynophobia youre afraid of women"
"772","that looks like pewdiepie"
"773","who else covered their eyes when he said trypophobia"
"774","omg i have a fear of the holes i dont faint i just like shiver and cant stand looking at the holes"
"775","nomophobia jesus christ im not afraid of being without my little flip phone but id sure as hell feel a lot safer knowing i can contact the authorities at any given moment"
"776","i hate holes ugh it makes me itch and i just want kick them up and ruin them"
"777","im horrified of stairs yea"
"778","i have trypophobia but its mild the pic of the honey comb doesnt bother me at all as a kid i use to use my moms hole puncher on paper and just fill it with holes the pic of the blood colored thing did cheap me out a little bit but what does set me off are things like the lotus seeds pods i dont start screaming but i do get really creeped out and really itchy like the first time i learned about and seen a lotus seed pod someone on the internet had photo shopped it on someones arm to make it look like their skinimmediately ran to go take a long hot shower for like an hour then after i covered myself in gold bond lotion all i could think about was ripping out all the seeds inside the holes then filling in the holes with wax luckily im not as creeped out by things like that as much as i was when i was little"
"779","what about anablephobia the fear of looking up"
"780","i have nomophobia acraphobianycyophobia fear of darkness brontophobia fear of thunder and lightning and apiphobia fear of bees yea"
"781","also i think i have foodeafobia"
"782","i might have"
"783","anatidaephobia is the fear that somehow somewhere a duck is watching you"
"784","hey matthew you made a phobeception"
"785","no offense but u already made a strange phobias video"
"786","i have a fear of holesi just finished having a panic attack after seeing the holes in this video"
"787","nomophobia really people u all are idoits if u have this its just a phone"
"788","no luposlipaphobia the fear of being chased by wolves around a kitchen table while wearing socks on a nearly waxed floor"
"789","lol you are really funny dude keep it up u some messed up people with messed up phobias"
"790","i have trypophobia ive had it since i was a child i thought i was weird no one i knew had it or believed it was real and then i discovered the internet i wasnt the only one anymore"
"791","yeah if my father chopped off mothers head id be scared of love too"
"792","dude search lotus flower insides photoshoped on people that shits scary"
"793","i dont really have the fear of sleep im just an insomniac and decide not to sleep eats cake sweets help me stay awake"
"794","i clicked out as soon as i saw that beard"
"795","my grandma neophobia all the way"
"796","what about anatidaephobia its the fear that a duck is always watching you"
"797","kinda of like my younger sister hopefully she grows out of it ihave the same fear i only get that when i watch a horror movies or have a comments i really need to check on no monsters such as trolls are on the internet so its highly possible that monsters do exist therefore being if a human is afraid of the sun they are monsters pretending to be humans i guess i can see why im afraid of plot holes too dont worry eh if you watched some cartoons about everything can come out of a breadeven a gun wow they must hate sequels too dont blame them on that fear either internet is the world now and without it there isthe real world umhow does someone get afraid of everything"
"798","phobophobia the fear of phobia are they afraid of phobophobia since its a phobia"
"799","damn you actually sang that pretty well stop in the name of love"
"800","i have queunliskanphobia which is the fear of spit if someone sneezes on me or licks me uuuuggghhh please no stop"
"801","i have hypnophobia"
"802","i have a phobia of mentally challenged or people with down syndrome no hate but they scare me also is being afraid of downloading on a computer a phobia lol"
"803","trypophobiaenough said"
"804","i have bobphobia a fear of sausages being eaten by a green cow"
"805","one of the researchers in our university has quite a nice beard and his work includes work cleanrooms d he has an extra cover for his beard to avoid pollution of the semiconductors its the institute for semiconductor technology d i dont know why anybody would think that beards are unprofessionell however for the economics business guys this seems to be true but for researchers and engineers a big beard is totally finep"
"806","let hugo out of his cage"
"807","what if the people with pannonia are actually being followed by some ghost or something but only they can see it and theyre not allowed to tell anyone"
"808","didnt you do this before pretty sure you did a phobia video already running low on ideas"
"809","hey you ever find a new job from like lol"
"810","ive had number it made me not sleep for days once"
"811","if my phone drops less than i have issues"
"812","so people with trypophobia are they afraid of their own buttholes"
"813","wow i once went a whole week without my phone because i couldnt be bothered to charge it lmao"
"814","btw i am actually petrified of balloons to the point in which i broke a guys nose cause he chased me with one fears are not to be messed with you twelve year olds trying to be cool"
"815","almost everyone between years old and years old"
"816","i have trypophobia i didnt know it was a thing but its just that patern makes me shiver and feel sick"
"817","waking up in the morning realstruggle"
"818","i love spiders hate cockaroaches"
"819","well i have like of these now so thx"
"820","gamingwithjen hates you at"
"821","anyone else got a phobia of mayonnaise"
"822","i used to have a phobia where i was afraid to walk"
"823","anyone else hear nomophobia as nomorephoneia or is that just me"
"824","thank goodness i can finally sit back and diagnosis myself with some kind of fear lol"
"825","my sister has a fear of birds shell see one and cry if it come nears here"
"826","i misread fear of beards i thought it was fear of breasts lmfao"
"827","i have a fear of dementiaamnesia is that irrational"
"828","i have podophobia is that wierd"
"829","this is still abby i would love for you to please make a video about scp please thank you a lot like a super funny please make me one and thank you"
"830","i love these videos matt if you want to be freaked out or make a video about you should look up cupcakes mlp on youtube its really crazy creepy pasta thanks so much this is not lexie btw this is abby"
"831","i have trypophobia its the seedpods that get me i feel all weird looking at them"
"832","lol who has watched the movie benchwarmers you will see some one scared of the sun lol"
"833","who else is scared of not having their phone like this comment if u do"
"834","many people suffer from heliophobia because of the well known video game super mario one of the bad guys was the sun"
"835","they missed nogophobia the fear of constipation"
"836","fear of holes"
"837","like this if you like spodermen"
"838","to be honest if the sun looked like those pictures id be scared of it"
"839","i have philophobia"
"840","i have trypophobia"
"841","my fear is being in a dim room with endless pipes and valves"
"842","escalaphobia is my phobia it means fear of escalators"
"843","all these phobias sound like made up fears only spoiled people consider these actual first world problems"
"844","homophobia should be number"
"845","i have a fear for that creepy turd in the background xd"
"846","im afraid to watch this video"
"847","nomophobia rly people are just ugh hur dur"
"848","the worst phobia you can have is autophobia that is the one fear you cant run away from"
"849","fuckaphobia the fear of fucking your gf"
"850","when he said trypophobia i threw away my phone covered my eyes and prayed for it to be over uufef"
"851","im actually scared of matthew santoros"
"852","i have the trypophobia dont show that picture"
"853","pherophobia fear of phobias"
"854","i am a ecophobe"
"855","i have many fears actually everything that has something to do with the loss of control ugh"
"856","are there any phobias for dogs every time i see one my heart beats hard and i feel out of breath"
"857","i have the first one i never knew it was an actual phobia"
"858","fucking mindalways make me think"
"859","the thing is i have trypophobia its fine if i see bee hives and things like that if i see a bunch of holes on your skin back up before i puke on you"
"860","i know a great phobia its called a batphobia and it is mostly feared by criminals because they are afraid batman would go to them out of the shadows and beat them up to prison"
"861","spiders are cool"
"862","hipopotomonstrosesquipedaliofobia"
"863","i love your videos"
"864","that poo emoji in the background is watching me"
"865","aibohpphobia the fear of palindromes"
"866","i have acrophobia i hate heights maaaaaattttttttt"
"867","aaaaaaaaaaaaaaaaaaaaaaaaaaaaaaaaaaaaaaaaaa nooooooooooooooooooo pleaseeeeeeeeeeeeee"
"868","i dont suffer from trypophobia just from the images that you find on google if you type it disgusting"
"869","i do think i have a mild case of neophobia oh and im which is completely relevant"
"870","ok so whats the phobia of skeletons cause its a weird phobia that i haveon the flip side of that phobia i am very fascinated by skeletons"
"871","penilephobia fear of not being able to suck this big dick"
"872","isnt panphobia supposed to be phobophobia if not then im just crazy or something"
"873","another weird fear is globophobia the fear of balloons i have globophobia"
"874","i am having a really serious globophobia fear of balloons"
"875","people with pogonophobia wouldnt want to watch duck dynasty"
"876","my mom has pagoda phobia"
"877","NA"
"878","hate spiders all ways get a shiver down my spine when i see one lol"
"879","dat entry tho"
"880","what about anatidaephobia a pervasive irrational fear that one is being watched by a duck"
"881","the philophobia i always get that everytime"
"882","im getting the feeling not alot of people have kosmemophobia and cuprolaminophobia everyone thinks im nuts"
"883","i dont go out much youve been traveling a lot lately so i wouldnt say that xd"
"884","rtrypophobia on reddit"
"885","papa phobia fear of the pope"
"886","any one scared of looking at sharks here"
"887","i am pretty sure that i had food neophobia as a kid because my mum rarely could make me eat something knew so yeah"
"888","im surprised that abibliaphobia didnt make it on this list"
"889","youve already touched on some of these phobias before didnt you back in"
"890","and yes matt has done a video about this topic before it was called weird phobias oo and had a thumbnail of matt with a knife"
"891","neophobia more like nostslgia"
"892","i also have foodniophoia i dont care how you spell itp"
"893","i have ecophobia which lead me to have a phobia where im afraid of staying in big houses or spaces for too long i couldnt sleep at my friends house for two years until i decided to man up"
"894","do top richest people on earth"
"895","liked the video instantly because of that intro choked on my coffee laughing"
"896","holes vomitsd"
"897","i dont know if my phobia has a name but i have a huge phobia of stickers plasters well anything sticky really theyre just so gross"
"898","i am scared of ocean my skin trembles when i see ocean or very large rivers"
"899","triggered very triggered people with trypophobia beware of"
"900","i had hypnophobia as a kid"
"901","phobiaphobia the fear of phobias"
"902","had to close my eyes during the trypophobia part shit why didnt i see that coming bblllehhh"
"903","i have a weird phobia im afraid of heartbeats whenever i hear one i want to pass out or throw up and i try to avoid it in any occasion"
"904","that some strange phobia and a nice video"
"905","omg it annoys me that claurophobia was not on this fear of clowns it annoys me"
"906","i may have nomophobia"
"907","arachnophobia for days bitches"
"908","have you noticed that your repeating the same videos all again"
"909","i think all the trypophobia selfdiagnosiss these days are from pictures circulating the internet of people with lotus seed pods photoshopped into parts of their bodies to make it look like some kind of insect has made a nest out of them if not for those pictures im sure there wouldnt be nearly as many people claiming to have this phobia"
"910","i myself have mottaphobia fear of moths and i know a young woman who has a phobic reaction to ferns like the plant just ferns"
"911","i swear his done a video like this already"
"912","i have nomobothobia"
"913","rkophobia when people are scared to fail because people will edit for an rko outta nowhere"
"914","matthew santoro youre a lot funnier than usual in this one youre always pretty humourous but this just really stood outd"
"915","why i have trypophobia"
"916","didnt you already do a phobia top ten"
"917","im not afraid of beard but some of them are just kinda disgusting no offense to anyone has one though"
"918","didnt matt already make a phobia video im pretty sure he did"
"919","the only fear i have is aquaphobiamostly because i nearly drownedtwice"
"920","like if u came from asap science"
"921","i have a fear of pregnant women my wifes pregnancy was actually very rough for me as well as her i will say my baby girl was worth it"
"922","justpffffffffjust keep clicking on xd hahahahahahahaathat beginning had me in tearsnot the fact hes making fun of people with that phobia but what he does to make them jump xd hahahaloved this vid keep em commin maaaan"
"923","i may have the third one it makes it very hard for me to sleep and get rest"
"924","i am pretty sure i have the one afraid of holes they r just gross looking"
"925","tbh i have a huge phobia of moths anyone else"
"926","the struggle is real"
"927","i have trypophobia probably because of a skin problem i used to haveboth were not a great feeling i have a little ocd too sowill someone please fill that hole in my table"
"928","you so smart"
"929","i have heliophobia"
"930","i have a fear of deer bad experience when i was little kinda bad when you live on the west coast of canada ahah"
"931","i have trypophobia i dont get sick or pass out or anything i just start breathing uneasy and feel really uncomfortable especially if its a group of mini holes on human skin or something shivers"
"932","i think i might have a phobia of being on the ground i always feel safter when im not touching the ground with my feet or any part of my body so like when im on a chair i feel like x better"
"933","i have a fear of being on ladders"
"934","i have a fear of mirrors in dark rooms whats the name of that phobia"
"935","hold on a second didnt you already do this topic"
"936","what about pediophobia the fear of dolls when i see a dolli always think its watchingwaiting for the best moment to strike"
"937","i have arachnophobia screw spiders"
"938","wait if someone has a fear of holes does that mean they will die a virgin"
"939","yup im that change thing yeaaaahh"
"940","the phobia of phobias is that possible"
"941","i have all these phobias"
"942","i have trypophobia no seriouslyi do"
"943","i like matthews singing voice"
"944","aw i wish monophobia was on here"
"945","i have a weird fear okay so imagine your at a water park and you go down a small narrow slide it turns out you get stuck midway through the tube then the tube starts filling with water cause your covering the hole i have a fear of dying stuck in a tube drowning to death"
"946","i have nomophobia"
"947","i have trypophobia and its the worst thing i break out in itch fits"
"948","i have tryphophobia and it aint fun have"
"949","im scared of roller coasters anamitronics water slides or big slides game balls dont think dirty such as soccer balls dodgeballs basketballs even soft balls i know im a whimsy person"
"950","yo matthew you already did one of these right"
"951","i have a fear if change i dont like it in general and hate most change why cant everything stay the same now we have alot of good technology we would be fine if we stayed the same"
"952","i have typophobia throughout the vid i was like dont say it dont say it and as soon as it popped up i screamed and turned my head so i didnt have to see the pictures"
"953","didnt he do a video close like this"
"954","you wouldnt belive it but my dog is afraid of beards"
"955","i have a phobia its dark hallwaysp"
"956","i have nomophobia"
"957","dear god i was hoping and praying that you wouldnt include it as soon as you mentioned typophobia i fucking threw my phone and felt the food i was just eating come back up"
"958","clusters of holes spiders bees heights clowns mirrors those are my fears"
"959","cool"
"960","is being scared of your crush not liking you a phobia"
"961","it would be horrible to have the fear of sleep if you need surgery just horrible"
"962","im surprised i dont have trypophobia when i was little for some reason i had unusual dreams or nightmares i suppose where i would somehow end up with holes in my body normally in my hands in fact i used to have a lot of bad dreams that involved stuff happening to my hands and sometimes my feet i think i have a fear of losing or losing the use of my limbsi wonder if theres a name for that"
"963","am i the only one who thinks that looks like pewds"
"964","clowns never when i was people around the block go all out on halloween and hire people so they hired a clown and chased me down the block never again will i be a round clowns"
"965","theres a phobia of having phobias"
"966","can you make one on guns"
"967","there was a classmate of mine who is terrified of mud like seriously if it rained he wouldnt go near an earth road even if you paid him which would be the name of that phobia"
"968","i have a fear of ketchup i have trouble going to restaurants because often times they have bottles on the table"
"969","my sister probably has the phone one"
"970","the old man in made me feel sad"
"971","eh i have a mild version of nocellphonephobia if i run out of battery i get irritated and get grumpy if i dont have internet i annoyingly scroll through old pictures and if my phone breaks in some way eeeeeh i go panic completely birding ballistic"
"972","anybody here with trypophobia jump when they saw that picturei had to cover half the screenuaduaduaduad"
"973","i love your work"
"974","i fcking go insane with holes i really hate it i had to fastforword so i dont see the pic of the holes"
"975","please please please prank people on omegle i would soooo love that"
"976","i have trypophobia"
"977","it would suck if you were afraid of being afraid"
"978","anyone else see the poop in the bottom left corner in the first seconds of the video anyone"
"979","i have a fear of butterflies"
"980","hypnophobia fear of sleep is something i might have im always scared to have nightmares also because when your asleep theres nothing but black like you dont exist that is why"
"981","after hearing it so much i gotta ask whats the background song that he uses its driving me crazy because i cant find it"
"982","no comments"
"983","spiders are gods mistake theyre monsters"
"984","that was interesting lol i admit that i may have a slight fear of losing my phone and may i say maaaaaaaaaaan that first picture when you introduced hypnophobia was creepy as hell jeez i thought i was looking at the grudge"
"985","i am terrified of balloons i am a huge globophobic i had a panic attack last birthday i went to it was embarrassing"
"986","whats the song at the end of the video"
"987","what happened to tuesday vid aka today matthew santoro"
"988","i have an apc i step the fuck back"
"989","matt im gonna say this right now i fucking love your eyes sorry lol i really do though who doesnt"
"990","fear of love isnt bizarre if you havent had a date or have any knowledge"
"991","surprised you didnt touch on genuphobia fear of knees i hate knees with a burning passion and i will break down if and when people touch my knees knees look gross if someone tells you they have a fear of knees dont touch their knees"
"992","i was genuinely interested and enjoying this video until it reached trypophobia which i have now i cant finish the videod"
"993","i actually want to know what term of my feat for tiny needles including bees and tacks"
"994","what about phobiaphobia the fear of having a fear or the one where somewhere in the universe a duck is watchingu"
"995","im mobophobia"
"996","hippomonstrosesquippedaliophobiathe fear of long words"
"997","i think u should talk about countries like panama and others the people dont normally know"
"998","hey what about the new video your so supposed to make today"
"999","i shit my pants when the video started"
"1000","that intro though xd lmao"
"1001","havent you done thisb"
"1002","like if youre watching in"
"1003","i have a terrible fear of people liking my youtube comments"
"1004","im one of the few people that dont have that cell phone phobia i can prove it too because i dont even have a cell phone ha ha sorry for all those that have it"
"1005","i got a question about heliophobia in trivia crack right after watching this"
"1006","i pretty sure im the only one who has this but ive got a phobia of staring at old black and white pictures shit creeps me the fuck out"
"1007","why do we have fear because adam and eve ate the thing know we will never be immortal we could have lived forever"
"1008","at number you were honestly triggering my phobia scopophobia xd i srsly just hid until it was number"
"1009","please say someone is with me on this fear of strawberries"
"1010","whats with all the scary faces look like a psycho killer"
"1011","number ten mean the fear goes on forever the main fear scared of that scared of that then scared of that it will go on for ever"
"1012","you have said facts of all the amazing fact videos you have posted"
"1013","im scared of my home theres a room right across from mine that always has boxes in it im too afraid to go in there or any where upstairs because i swear everynight i see something pass through that room every time i go upstairs its to sleep or get something i am terrified of downstairs as well because i fear what ever is in there will follow me downstairs the house just is a bad design because most rooms are upstairs on an unrelated note i always have a feeling whatever is upstairs is small but not a bug because after i run down the stairs i can still hear creaking though my feet are on the ground terrifying every time i enter my room i check to make sure everything is where i left it to see if someone something is moving or taking my stuff i always feel watched in that house anywhere outside i feel like its gone yes it is a real fear and its real scary"
"1014","seems like i am a trypophobic i hate them holes they look so disgusting and teryfing"
"1015","i have trypophobia its the fear of tiny holes just a bunch of them clumped togethahhhhh"
"1016","i have trypophobia it seems crazy but it really does look just scary in my eyes"
"1017","i fear my boobs yes i fear them because breast cancer is an occurring fate in my family ee"
"1018","this video is hilarious its so you matt i loved it it really was entertaining informative and so funny keep it up man youre awesome"
"1019","i really missed autophobia the fear of yourself"
"1020","i was scared i was scared of the trypophobia but a lotus pod doesnt scare me if i talk about phobias at night i get really scared is there a phobia of talking about phobias"
"1021","your so smarti wish i was smart as you"
"1022","shockingly the pictures in the part where he explained trypophobia were not scary to me thank you for not showing the lotus pod"
"1023","dont worry mathewi just subscribe to your channel because your funny ass fuck"
"1024","if you have emojifobia do not look at the bottom left"
"1025","when i was a kid i was afraid to sit on a movie theater chairs"
"1026","ahhh matt hahn youtube ahhhh a like ahhhh the internet ahhhh my face ahhh my foot ahhhhhhhh"
"1027","i have trypophobia even though i have it i am completely unsure why people are scared of holes people including me"
"1028","there is a monster in my house my wife"
"1029","colin pierce unless you made multiple accounts thats not possible joined may"
"1030","awesome video very interesting unfortunately i just realised that i also have trypophobia didnt even realise it was a real thing till this video i duno if i should thank you for letting me know but that dang that section of the video made me so eerie gah i feel sick"
"1031","technically the only man for queen elizabeth was the th doctoror possibly the zygonwhich ever"
"1032","my phobia is beating up a kid and hurting him real bad"
"1033","i have plantahobiabasically i am afraid of plants even fake ones"
"1034","lol am i the only one with a fear of needles not like sewing needles but just the neddles in shots xd im and we this day everytime i go to the doctor and have to get one i start to shake and i can hardly breath and when i was little i would go in to corner and cry my eyes outp"
"1035","no video its tuesday"
"1036","dude i love ur videos but u dont post every tuesday and saturday like u promised"
"1037","is like your favorite number or something"
"1038","i have it but trypophobia isnt that seious as long as your normal with vomiting in your mouth when you look at a new box of straws"
"1039","i have a fear of having a fear its terrifying"
"1040","do they fear the fear of everything cue the inception bwaaaa"
"1041","tripophobia what if they look at there buttholes"
"1042","guy doctor im afraid of back stories doctor when did this all start guy well aaaaaaaaah"
"1043","anatidaephobia the fear somewhere somehow a duck is watching you how is this not on this list wth"
"1044","on number the people afraid of holes should be afraid of their body because we all have holes pores"
"1045","drinking game take a shot every time he raises his eyebrows oh youre dead nevermind just kidding i love your videos matt makes me smile"
"1046","wheres the new vid today matt"
"1047","is soo sad i think alot more people have that one than we think people should be kinder to each other before during and after a relationship the world would be such a better place if my phone had spellchrck it would be toou"
"1048","i bet asap science has a crush onu"
"1049","trypophobia oh god shivers"
"1050","trypophobia is the fear of holes close together they sicken me but idgaf about one or holes but a bunch of holes together make me sick idk why"
"1051","i have ecophobia"
"1052","and ecophobia"
"1053","i really enjoy you videos keep it up"
"1054","the monster came out of the closet"
"1055","i have hypnophobia"
"1056","i am dumb"
"1057","fear is an evolutionary trait did he just say the eword aaaah run screaming he said evolution and now people are going to freak out because they think its not a thing aaaaaahhhhh oh wait they wont because anyone who does think evolution isnt a thing is clearly ignorant of reality what am i saying its the internet"
"1058","my bread on fleek today lol got me dying i developed a pack from laughing i love you man"
"1059","matt u have ur own playlist on my phone ur a star someone said that u made a video about winning that prize that me nd all ur fans vted onhubub can u tell me how i can find it i am a nutuber thanks bud"
